{
    "loss": 14.098596572875977,
    "accuracy": 0.4313725531101227
}