{
    "loss": 0.9352030754089355,
    "accuracy": 0.8627451062202454
}