{
    "loss": 16.5557804107666,
    "accuracy": 0.5686274766921997
}