{
    "loss": 1.2583504915237427,
    "accuracy": 0.4313725531101227
}