{
    "loss": 1.5157445669174194,
    "accuracy": 0.5686274766921997
}